<?xml version="1.0" encoding="utf-8"?>
<resources xmlns:xliff="urn:oasis:names:tc:xliff:document:1.2">

    <string name="pref_scroll_category">"Нажатия и прокрутка"</string>
    <string name="pref_scroll_category_summary">"Настройки прокрутки"</string>
    <string name="pref_tapsenabled_title">"Разрешить нажатия"</string>
    <string name="pref_tapsenabled_summary">"Используйте пункт меню \'Настройка нажатий\' для задания регионов и действий"</string>
    <string name="pref_scroll_title">"Высота прокрутки"</string>
    <string name="pref_scroll_summary">"Установите высоту прокрутки в процентах от высоты экрана"</string>
    <string name="pref_wheelscroll_title">"Шаг прокрутки для колеса мыши"</string>
    <string name="pref_wheelscroll_summary">"Установите шаг прокрутки для колеса мыши в процентах от высоты экрана"</string>
    <string name="pref_touchdelay_title">"Задержка обработки касаний"</string>
    <string name="pref_touchdelay_summary">"Задержка обработки касаний (в миллисекундах)"</string>
    <string name="pref_animate_scrolling_title">"Анимировать прокрутку"</string>
    <string name="pref_animate_scrolling_summary">"Анимировать прокрутку в режиме рулона"</string>
    <string name="pref_quickzoomfactor_title">"Быстрое увеличение"</string>
    <string name="pref_quickzoomfactor_summary">"Степень быстрого увеличения (в процентах)"</string>

</resources>
