<?xml version="1.0" encoding="utf-8"?>
<resources xmlns:xliff="urn:oasis:names:tc:xliff:document:1.2">

    <string name="pref_opds_category">"OPDS көйләү"</string>
    <string name="pref_opds_category_summary">"OPDS каталогларын көйләү"</string>
    <string name="pref_opds_downloaddir_title">"Йөкләү өчен папка"</string>
    <string name="pref_opds_downloaddir_summary">"Монда йөкләргә"</string>
    <string name="pref_opds_filterbooktypes_title">"Китаплар төрен тәртипләргә"</string>
    <string name="pref_opds_filterbooktypes_summary">"Кулланылган форматларны гына күрсәтергә"</string>
    <string name="pref_opds_downloadarchives_title">"Зипланган китапларны йөкләргә"</string>
    <string name="pref_opds_downloadarchives_summary">"Зипланган китапларны йөкләргә"</string>
    <string name="pref_opds_unpackarchives_title">"Зипланган китапларны ачарга"</string>
    <string name="pref_opds_unpackarchives_summary">"Зипланган китапларны йөкләүдән соң ачарга"</string>
    <string name="pref_opds_deletearchives_title">"Зипланган китапларны бетерергә"</string>
    <string name="pref_opds_deletearchives_summary">"Архивларны ачканнан соң бетерергә"</string>
<!--<string name="pref_opds_thumbloadtimeout_title">"Thumbnails loading timeout"</string>-->
<!--<string name="pref_opds_thumbloadtimeout_summary">"Thumbnails loading timeout in seconds"</string>-->

</resources>
