<?xml version="1.0" encoding="utf-8"?>
<resources xmlns:xliff="urn:oasis:names:tc:xliff:document:1.2">

    <string name="am_tools">"Инструменты"</string>
    <string name="am_tools_up">"Вверх"</string>
    <string name="am_tools_text">"Текст"</string>
    <string name="am_tools_highlight">"Выделение"</string>
    <string name="am_tools_draw">"Пометки"</string>
    <string name="am_tools_notes">"Заметки"</string>
    <string name="am_tools_export">"Экспорт"</string>
    <string name="am_tools_text_copy">"Копировать"</string>
    <string name="am_tools_text_translate">"Перевести"</string>
<!--<string name="am_tools_text_google">"Google it"</string>-->
    <string name="am_tools_text_highlight">"Выделить"</string>
    <string name="am_tools_text_clear">"Убрать выделение"</string>
    <string name="am_tools_text_selection_no_text">"Текст не выбран"</string>
    <string name="am_tools_text_selection_text_copied">"Текст скопирован в буфер"</string>
    <string name="am_tools_ann_use_pressure">"Нажим"</string>
    <string name="am_tools_ann_change_color">"Цвет"</string>
    <string name="am_tools_ann_thin_line">"Тонкая"</string>
    <string name="am_tools_ann_thick_line">"Толстая"</string>
    <string name="am_tools_ann_thickest_line">"Очень толстая"</string>
    <string name="am_tools_ann_eraser">"Ластик"</string>
    <string name="am_tools_ann_clear">"Очистить все"</string>
    <string name="am_tools_ann_undo">"Отменить"</string>
    <string name="am_tools_notes_add">"Заметка"</string>
    <string name="am_tools_notes_bookmark">"Добавить закладку"</string>
    <string name="am_tools_notes_diary">"Дневник"</string>
    <string name="note_dlg_title">"Заметка…"</string>
    <string name="note_add_dlg_title">"Добавить заметку…"</string>
    <string name="note_edit_dlg_title">"Изменить заметку…"</string>
    <string name="diary_dlg_title">"Дневник страницы %1$d …"</string>
    <string name="note_dlg_title_hint">"Заголовок"</string>
    <string name="note_dlg_text_hint">"Текст"</string>
    <string name="diary_dlg_text_hint">"Текст"</string>
    <string name="color_dlg_title">"Цвет"</string>

</resources>
