<?xml version="1.0" encoding="utf-8"?>
<resources xmlns:xliff="urn:oasis:names:tc:xliff:document:1.2">

    <string name="about_prefix">"tt"</string>
    <string name="about_title">"Кушымта турында"</string>
    <string name="about_commmon_title">"Гомуми мәгълүмат"</string>
    <string name="about_fonts_title">"Хәрефләр"</string>
    <string name="about_license_title">"Хокук"</string>
    <string name="about_3dparty_title">"Читтәге ПО"</string>
    <string name="about_changelog_title">"Үзгәртүләр"</string>
    <string name="about_thanks_title">"Рәхмәтлелек"</string>
    <string name="about_donations">"Иганә"</string>
    <string name="menu_smb">"Җирле челтәр"</string>
    <string name="menu_opds">"OPDS каталоглар"</string>

</resources>
