<?xml version="1.0" encoding="utf-8"?>
<resources xmlns:xliff="urn:oasis:names:tc:xliff:document:1.2">

    <string name="startup_init_app">"Инициализация…"</string>
    <string name="startup_check_gl">"Проверка GL конфигурации…"</string>
    <string name="startup_init_native">"Загрузка нативной библиотеки…"</string>
    <string name="startup_fix_book_paths">"Импорт старых настроек…"</string>
    <string name="startup_load_recents">"Загрузка библиотеки…"</string>
    <string name="startup_load_book">"Загрузка книги…"</string>
    <string name="startup_restore_state">"Восстановление состояния…"</string>
    <string name="confirmexit_title">"Выход из приложения…"</string>
    <string name="confirmexit_msg">"Вы правда хотите выйти из приложения?"</string>
    <string name="confirmclose_title">"Закрытие книги…"</string>
    <string name="confirmclose_msg">"Вы действительно хотите закрыть книгу?"</string>
    <string name="confirmsave_msg">"Хотите сохранить книгу?"</string>
    <string name="confirmsave_yes_btn">"Сохранить"</string>
    <string name="confirmsave_no_btn">"Закрыть"</string>
    <string name="error_dlg_title">"Ошибка приложения"</string>
<!--<string name="error_native_failed">"Fatal error: application is inconsistent."</string>-->
    <string name="msg_loading_book">"Книга загружается: %1$s…"</string>
    <string name="msg_wrong_password">"Неправильный пароль…"</string>
    <string name="msg_password_required">"Введите пароль…"</string>
<!--<string name="msg_unexpected_error">"An unexpected error has occurred:\n%s"</string>-->
    <string name="dialog_title_goto_page">"Страница"</string>
    <string name="button_goto_page">"Перейти"</string>
    <string name="text_page">"Страница"</string>
    <string name="error_close">"Закрыть"</string>
    <string name="dialog_backup_name_hint">"Ведите имя записи…"</string>
    <string name="dialog_backup_backup">"Сохранить…"</string>
    <string name="dialog_backup_restore">"Восстановить…"</string>
    <string name="dialog_backup_remove">"Удалить…"</string>
    <string name="restore_progess">"Восстановление настроек…"</string>
    <string name="restore_finish">"Настройки успешно восстановлены"</string>
    <string name="fix_book_paths_progess">"Импорт старых настроек…"</string>
    <string name="fix_book_paths_finish">"Старые настройки книг успешно импортированы"</string>
    <string name="add_bookmark_name">"Введите описание закладки"</string>
    <string name="bookmark_start">"Начало"</string>
    <string name="bookmark_current">"Текущее положение"</string>
    <string name="bookmark_end">"Конец"</string>
    <string name="bookmark_invalid_page">"Ошибочный номер страницы. Доступные страницы: %1$d-%2$d"</string>
    <string name="notes_title">"Заметки"</string>
    <string name="clear_notes_title">"Стереть заметки"</string>
    <string name="clear_notes_text">"Вы действительно хотите стереть все заметки?"</string>
    <string name="del_note_title">"Удалить заметку"</string>
    <string name="del_note_text">"Вы действительно хотите удалить эту заметку?"</string>
    <string name="bookmarks_title">"Закладки"</string>
    <string name="clear_bookmarks_title">"Стереть закладки"</string>
    <string name="clear_bookmarks_text">"Вы действительно хотите стереть все закладки?"</string>
    <string name="del_bookmark_title">"Удалить закладку"</string>
    <string name="del_bookmark_text">"Вы действительно хотите удалить эту закладку?"</string>
    <string name="clear_recent_title">"Удалить последние"</string>
    <string name="clear_recent_text">"Вы действительно хотите очистить список последних открытых книг?"</string>
    <string name="bookcase_shelves">"Книжные полки"</string>
    <string name="recent_title">"Недавние книги"</string>
    <string name="list_clear_recent_mode_clear_recent_list">"Очистить список недавно прочитанных"</string>
    <string name="list_clear_recent_mode_delete_bookmarks">"Удалить все закладки"</string>
    <string name="list_clear_recent_mode_delete_book_settings">"Удалить все настройки книг"</string>
    <string name="list_clear_recent_mode_delete_cached_data">"Удалить все кэшированные файлы"</string>
    <string name="about_prefix">"ru"</string>
    <string name="about_title">"О программе"</string>
    <string name="about_commmon_title">"Общая информация"</string>
    <string name="about_fonts_title">"Шрифты"</string>
    <string name="about_license_title">"Лицензия"</string>
    <string name="about_3dparty_title">"Стороннее ПО"</string>
    <string name="about_changelog_title">"Изменения"</string>
    <string name="about_thanks_title">"Благодарности"</string>
    <string name="about_donations">"Пожертвования"</string>
    <string name="browser_add">"Добавить"</string>
    <string name="browser_paste">"Вставить выбранное"</string>
    <string name="browser_createfolder">"Создать папку"</string>
    <string name="browser_createfolder_msg">"Введите имя папки:"</string>
    <string name="browser_refresh">"Обновить"</string>
    <string name="browser_home">"Домой"</string>
    <string name="browser_up">"Вверх"</string>
    <string name="thumbnails_fetch_start">"Получение обложек…"</string>
    <string name="thumbnails_fetch_progress">"Получение обложек: %1$s"</string>
    <string name="book_copy_start">"Копирование книги…"</string>
    <string name="book_copy_progress">"Копирование книги: %1$s/%2$s…"</string>
    <string name="book_copy_complete">"Копирование книги завершено: %s"</string>
    <string name="book_copy_error">"Копирование книги не удалось: %s"</string>
    <string name="book_move_start">"Перемещение книги…"</string>
    <string name="book_move_progress">"Перемещение книги: %1$s/%2$s…"</string>
    <string name="book_move_complete">"Перемещение книги завершено: %s"</string>
    <string name="book_move_error">"Перемещение книги не удалось: %s"</string>
    <string name="book_rename_title">"Переименование книги"</string>
    <string name="book_rename_msg">"Введите новое имя файла для книги:"</string>
    <string name="book_delete_title">"Удаление книги"</string>
    <string name="book_delete_one_msg">"Вы уверены, что хотите удалить эту книгу?"</string>
    <string name="book_delete_books_msg">"Вы уверены, что хотите удалить %1$s книг?"</string>
    <string name="book_delete_books_and_dirs_msg">"Вы уверены, что хотите удалить %1$s книг и %2$s папок?"</string>
    <string name="book_delete_books_and_dirs_2nd_msg">"ВЫ ДЕЙСТВИТЕЛЬНО УВЕРЕНЫ, что хотите удалить %1$s книг и %2$s папок?"</string>
    <string name="book_delete_start">"Удаление книг…"</string>
    <string name="book_delete_collect">"Подсчет книг для удаления: %1$s…"</string>
    <string name="book_delete_progress">"Удаление книг: %1$s/%2$s…"</string>
    <string name="book_delete_complete">"Удаление книг завершено: %s"</string>
    <string name="book_delete_error">"Удаление книг не удалось: %s"</string>
    <string name="outline_title">"Оглавление"</string>
    <string name="outline_missed">"Оглавление отсутствует"</string>
    <string name="error_page_out_of_rande">"Неправильный номер страницы. Допустимый диапазон: 1-%1$d"</string>
    <string name="msg_loading">"Идет загрузка %1$s … подождите немного"</string>
    <string name="msg_loading_part">"Идет загрузка %1$s (%2$d/%3$d)… подождите немного"</string>
    <string name="msg_caching">"Caching %1$s (%2$d/%3$d)… подождите немного"</string>
    <string name="msg_getting_page_size">"Получение размера страниц %1$d/%2$d"</string>
    <string name="tap_zones_regions">"Регион"</string>
    <string name="tap_zones_single_tap">"Одиночный тап"</string>
    <string name="tap_zones_double_tap">"Двойной тап"</string>
    <string name="tap_zones_long_tap">"Долгий тап"</string>
    <string name="tap_zones_two_finger_tap">"Тап двумя пальцами"</string>
    <string name="tap_zones_reset">"Сбросить"</string>
    <string name="tap_zones_delete">"Удалить"</string>
    <string name="tap_zones_clear">"Очистить"</string>
    <string name="search_results_title">"Результаты поиска"</string>
    <string name="search_book_dlg_title">"Поиск…"</string>
    <string name="folder_books_count">"Книг: %1$d"</string>
    <string name="copy_book_to_dlg_title">"Копировать книгу в…"</string>
    <string name="move_book_to_dlg_title">"Переместить книгу в…"</string>
    <string name="notification_file_add">"Файл добавлен в библиотеку"</string>
    <string name="notification_file_delete">"Файл удален из библиотеки"</string>
    <string name="msg_fonts_installing_pack">"Инсталляция встроенных шрифтов: %1$s…"</string>
    <string name="cache_moving_text">"Перенос кэшированных файлов…"</string>
    <string name="cache_moving_progress">"Перенос кэшированных файлов %1$d/%2$d"</string>
    <string name="error_invalid_view_mode">"Это действие доступно только в режиме просмотра %1$s"</string>
    <string name="install_decoder_title">"Установка плагина"</string>
    <string name="install_decoder_msg">"Для открытия этого документа требуется отдельный плагин. Подтвердите установку и использование данного плагина:"</string>
    <string name="tools_export_progress">"Экспорт заметок, дневника и аннотаций…"</string>
    <string name="tools_export_success">"Данные сохранены в %1$s"</string>
    <string name="tools_export_error">"Ошибка сохранения данных:\n%1$s"</string>
    <string name="pageindex_dlg_msg">"Введите номер текущей страницы"</string>
    <string name="pageindex_dlg_reset">"Сбросить"</string>
    <string name="pageindex_dlg_set">"Установить"</string>

</resources>
