<?xml version="1.0" encoding="utf-8"?>
<resources xmlns:xliff="urn:oasis:names:tc:xliff:document:1.2">

    <string name="pref_brfiletypespecific_title">"Особые настройки"</string>
    <string name="pref_brfiletypespecific_summary">"Настройки специфичные для формата"</string>
    <string name="pref_brfiletypespecificdjvu_summary">"Настройки для DJVU"</string>
    <string name="pref_djvu_rendering_mode_title">"Режим отрисовки"</string>
    <string name="pref_djvu_rendering_mode_summary">"Режим отрисовки страницы"</string>
    <string name="list_djvu_rendering_mode_0">"Цветной"</string>
    <string name="list_djvu_rendering_mode_1">"Черно/белый"</string>
    <string name="list_djvu_rendering_mode_2">"Только цвет"</string>
    <string name="list_djvu_rendering_mode_3">"Только маска"</string>
    <string name="list_djvu_rendering_mode_4">"Только фоновый слой"</string>
    <string name="list_djvu_rendering_mode_5">"Только основной слой"</string>
    <string name="pref_brfiletypespecificpdf_summary">"Тонкие настройки декодирования PDF"</string>
    <string name="pref_monofontpack_title">"Моноширинный шрифт"</string>
    <string name="pref_monofontpack_summary">"Пакет шрифтов используемый для моноширинного начертания"</string>
    <string name="pref_sansfontpack_title">"Шрифт без засечек"</string>
    <string name="pref_sansfontpack_summary">"Пакет шрифтов используемый для начертания без засечек"</string>
    <string name="pref_seriffontpack_title">"Шрифт с засечками"</string>
    <string name="pref_seriffontpack_summary">"Пакет шрифтов используемый для начертания с засечками"</string>
    <string name="pref_symbolfontpack_title">"Символьный шрифт"</string>
    <string name="pref_symbolfontpack_summary">"Пакет шрифтов используемый для символьного начертания"</string>
    <string name="pref_dingbatfontpack_title">"Декоративный шрифт"</string>
    <string name="pref_dingbatfontpack_summary">"Пакет шрифтов используемый для декоративного начертания"</string>
    <string name="pref_systemfontpack">"Шрифты ОС Андроид"</string>
    <string name="pref_pdf_use_sys_fonts_title">"Использовать внешние шрифты"</string>
    <string name="pref_pdf_use_sys_fonts_summary">"Использовать внешние шрифты из папок, указанных ниже"</string>
    <string name="pref_pdf_sys_font_dirs_title">"Папки внешних шрифтов"</string>
    <string name="pref_pdf_sys_font_dirs_summary">"Папки для поиска внешних шрифтов (разделенные двоеточием)"</string>
    <string name="pref_slowcmyk_title">"Медленный CMYK"</string>
    <string name="pref_slowcmyk_summary">"Использовать медленный, но точный алгоритм преобразования цвета из CMYK в RGB"</string>
    <string name="pref_brfiletypespecificfb2_summary">"Тонкие настройки декодирования FB2"</string>
    <string name="pref_fontsize_title">"Размер шрифта"</string>
    <string name="pref_fontsize_summary">"Базовый размер шрифта"</string>
    <string name="pref_fb2fontpack_title">"FB2 шрифт"</string>
    <string name="pref_fb2fontpack_summary">"Пакет шрифтов используемый для отрисовки FB2"</string>
    <string name="list_fontsize_tiny">"Крохотный"</string>
    <string name="list_fontsize_small">"Маленький"</string>
    <string name="list_fontsize_normal">"Нормальный"</string>
    <string name="list_fontsize_large">"Большой"</string>
    <string name="list_fontsize_huge">"Огромный"</string>
    <string name="pref_fb2hyphen_title">"Разрешить переносы"</string>
    <string name="pref_fb2hyphen_summary">"Расстановка переносов по алгоритму Христова, Дымченко и Ваpсанофьева"</string>
    <string name="pref_fb2cacheimages_title">"Кешировать изображения на диск"</string>
    <string name="pref_fb2cacheimages_summary">"Времменно сохранять картинки на диск для уменьшения использования памяти"</string>
    <string name="pref_brfiletypespecificepub_summary">"Тонкие настройки декодирования EPUB"</string>
    <string name="pref_epuboverridefonts_title">"Подменять встроенные шрифты"</string>
    <string name="pref_epuboverridefonts_summary">"Не использовать шрифты в документе"</string>
    <string name="pref_epubfontpack_title">"EPUB шрифт"</string>
    <string name="pref_epubfontpack_summary">"Пакет шрифтов используемый для отрисовки EPUB"</string>
    <string name="pref_epubfontsize_title">"Размер шрифта"</string>
    <string name="pref_epubfontsize_summary">"Базовый размер шрифта"</string>
    <string name="pref_epubhyphen_title">"Разрешить переносы"</string>
    <string name="pref_epubhyphen_summary">"Расстановка переносов по алгоритму Христова, Дымченко и Ваpсанофьева"</string>
    <string name="pref_brfiletypespecificrtf_summary">"Тонкие настройки декодирования RTF"</string>
    <string name="pref_rtffontpack_title">"RTF шрифт"</string>
    <string name="pref_rtffontpack_summary">"Пакет шрифтов используемый для отрисовки RTF"</string>
    <string name="pref_rtffontsize_title">"Размер шрифта"</string>
    <string name="pref_rtffontsize_summary">"Базовый размер шрифта"</string>
    <string name="pref_rtfhyphen_title">"Разрешить переносы"</string>
    <string name="pref_rtfhyphen_summary">"Расстановка переносов по алгоритму Христова, Дымченко и Ваpсанофьева"</string>

</resources>
