<?xml version="1.0" encoding="utf-8"?>
<resources xmlns:xliff="urn:oasis:names:tc:xliff:document:1.2">

    <string name="pref_lang_title">"Язык интерфейса"</string>
    <string name="pref_lang_summary">"Язык интерфейса (требуется перезапуск)"</string>
    <string name="list_lang_default">"Системный"</string>
    <string name="list_lang_en">"Английский (English)"</string>
    <string name="list_lang_de">"Немецкий (Deutsch)"</string>
    <string name="list_lang_es">"Испанский (Español)"</string>
    <string name="list_lang_fr">"Французский (Française)"</string>
    <string name="list_lang_it">"Итальянский (Italiano)"</string>
    <string name="list_lang_nl">"Голландский (Nederlands)"</string>
    <string name="list_lang_ru">"Русский"</string>
    <string name="list_lang_uk">"Украинский (Український)"</string>
    <string name="list_lang_zh">"Китайский (中文简体)"</string>
    <string name="list_lang_iw">"Иврит (עברית)"</string>
    <string name="list_lang_tt">"Татарcкий (Татар)"</string>

</resources>
