<?xml version="1.0" encoding="utf-8"?>
<resources xmlns:xliff="urn:oasis:names:tc:xliff:document:1.2">

    <string name="pref_backup_category">"Сохранение и восстановление"</string>
    <string name="pref_backup_category_summary">"Сохранение и восстановление настроек"</string>
    <string name="pref_backuponexit_title">"Сохранять на выходе"</string>
    <string name="pref_backuponexit_summary">"Автоматически сохранять настройки на выходе из программы"</string>
    <string name="pref_backuponbookclose_title">"Сохранять на закрытии"</string>
    <string name="pref_backuponbookclose_summary">"Автоматически сохранять настройки при закрытии книги"</string>
    <string name="pref_maxnumberofautobackups_title">"Число авто-бэкапов"</string>
    <string name="pref_maxnumberofautobackups_summary">"Число хранимых авто-бэкапов"</string>
    <string name="pref_bookbackuptype_title">"Сохранение настроек книг"</string>
    <string name="pref_bookbackuptype_summary">"Сохранение настроек книг"</string>
    <string name="list_bookbackuptype_none">"Не сохранять"</string>
    <string name="list_bookbackuptype_recent">"Только недавние"</string>
    <string name="list_bookbackuptype_all">"Все"</string>

</resources>
