<?xml version="1.0" encoding="utf-8"?>
<resources xmlns:xliff="urn:oasis:names:tc:xliff:document:1.2">

    <string name="pref_opds_category">"Настройки OPDS"</string>
    <string name="pref_opds_category_summary">"Настройки OPDS каталогов"</string>
    <string name="pref_opds_downloaddir_title">"Папка для загрузки"</string>
    <string name="pref_opds_downloaddir_summary">"Скачивать в"</string>
    <string name="pref_opds_filterbooktypes_title">"Фильтровать типы книг"</string>
    <string name="pref_opds_filterbooktypes_summary">"Показывать только поддерживаемые форматы"</string>
    <string name="pref_opds_downloadarchives_title">"Скачивать зипованные книги"</string>
    <string name="pref_opds_downloadarchives_summary">"Скачивать зипованные книги"</string>
    <string name="pref_opds_unpackarchives_title">"Распаковывать зипованные книги"</string>
    <string name="pref_opds_unpackarchives_summary">"Распаковывать зипованные книги после закачки"</string>
    <string name="pref_opds_deletearchives_title">"Удалять зипованные книги"</string>
    <string name="pref_opds_deletearchives_summary">"Удалять архивы после распаковки"</string>
    <string name="pref_opds_thumbloadtimeout_title">"Таймаут загрузки обложек"</string>
    <string name="pref_opds_thumbloadtimeout_summary">"Таймаут загрузки обложек в секундах"</string>

</resources>
