<?xml version="1.0" encoding="utf-8"?>
<resources xmlns:xliff="urn:oasis:names:tc:xliff:document:1.2">

    <string name="pref_rotation_title">"Режим поворота"</string>
    <string name="pref_rotation_summary">"Какой режим использовать"</string>
    <string name="list_rotation_unspecified">"Как есть"</string>
    <string name="list_rotation_land">"Форсировать альбом"</string>
    <string name="list_rotation_port">"Форсировать портрет"</string>
    <string name="list_rotation_user">"Пользовательский"</string>
    <string name="list_rotation_behind">"Фоновый"</string>
    <string name="list_rotation_auto">"Автоматически"</string>
    <string name="list_rotation_nosensor">"Без сенсора"</string>
    <string name="list_rotation_sensor_landscape">"Сенсор ландшафт"</string>
    <string name="list_rotation_sensor_portrait">"Сенсор портрет"</string>
    <string name="list_rotation_reverse_landscape">"Обратный ландшафт"</string>
    <string name="list_rotation_reverse_portrait">"Обратный портрет"</string>
    <string name="list_rotation_full_sensor">"Полный сенсор"</string>
    <string name="pref_render_category">"Отрисовка"</string>
    <string name="pref_render_category_summary">"Настройки отрисовки"</string>
    <string name="pref_book_category">"Настройки книги"</string>
    <string name="pref_book_category_summary">"Настройки отрисовки для текущей книги"</string>
    <string name="pref_firstpageoffset_title">"Смещение первой страницы"</string>
    <string name="pref_firstpageoffset_summary">"Индекс первой страницы показываемый читающему"</string>
    <string name="pref_splitpages_title">"Делить развороты"</string>
    <string name="pref_splitpages_summary">"Делить развороты на две страницы"</string>
    <string name="pref_splitpages_rtl_title">"Делить развороты справа налево"</string>
    <string name="pref_splitpages_rtl_summary">"Делить развороты на две страницы справа налево"</string>
    <string name="pref_croppages_title">"Обрезать страницы"</string>
    <string name="pref_croppages_summary">"Обрезать поля страниц (экспериментально)"</string>
    <string name="pref_viewmode_title">"Режим просмотра"</string>
    <string name="pref_viewmode_summary">"Режим показа страниц документа"</string>
    <string name="list_viewmode_vertical_scroll">"Вертикальный свиток"</string>
    <string name="list_viewmode_horizontal_scroll">"Горизонтальный свиток"</string>
    <string name="list_viewmode_single_page">"Одностраничный режим"</string>
    <string name="list_viewmode_twin_pages">"Двухстраничный режим"</string>
    <string name="pref_singlepage_category">"Страничный режим"</string>
    <string name="pref_singlepage_category_summary">"Настройки для страничных режимов"</string>
    <string name="pref_align_title">"Режим выравнивания страниц"</string>
    <string name="pref_align_summary">"По какой стороне выравнивать страницы"</string>
    <string name="list_align_by_width">"По ширине"</string>
    <string name="list_align_by_height">"По высоте"</string>
    <string name="list_align_auto">"Автоматически"</string>
    <string name="pref_animationtype_title">"Анимация"</string>
    <string name="pref_animationtype_summary">"Выберите тип анимации перелистывания"</string>
    <string name="list_animation_none">"Отключена"</string>
    <string name="list_animation_curler_simple">"Простое перелистывание"</string>
    <string name="list_animation_curler_dynamic">"Динамическое перелистывание"</string>
    <string name="list_animation_curler_natural">"Естественное перелистывание"</string>
    <string name="list_animation_slider">"Сдвиг рулона"</string>
    <string name="list_animation_fader">"Проявление"</string>
    <string name="list_animation_squeezer">"Сжатие"</string>
    <string name="list_animation_slider2">"Сдвиг пачки"</string>
    <string name="pref_postprocessing_category">"Дополнительная обработка изображения"</string>
    <string name="pref_postprocessing_summary">"Дополнительная обработка изображения"</string>
    <string name="pref_nightmode_title">"Ночной режим"</string>
    <string name="pref_nightmode_summary">"Белые буквы на черном фоне"</string>
    <string name="pref_posimages_in_nightmode_title">"Позитивные картинки в ночном режиме"</string>
    <string name="pref_posimages_in_nightmode_summary">"В ночном режиме показывать картинки оттенками серого без инвертации"</string>
    <string name="pref_bg_color_title">"Цвет страницы"</string>
    <string name="pref_bg_color_summary">"Использовать выбранный цвет как цвет фона страницы"</string>
    <string name="pref_use_page_as_bg_color_title">"Цвет страницы как цвет фона"</string>
    <string name="pref_use_page_as_bg_color_summary">"Использовать заданный цвет фона страницы для заполнения незанятого пространства"</string>
    <string name="pref_contrast_title">"Контраст"</string>
    <string name="pref_contrast_summary">"Коррекция контраста (0 – 1000, 100 по умолчанию)"</string>
    <string name="pref_gamma_title">"Гамма"</string>
    <string name="pref_gamma_summary">"Уровень гамма-коррекции (0 – 200, 100 по умолчанию)"</string>
    <string name="pref_exposure_title">"Экспозиция"</string>
    <string name="pref_exposure_summary">"Коррекция экспозиции (0 – 200, 100 по умолчанию)"</string>
    <string name="pref_autolevels_title">"Авто–уровни"</string>
    <string name="pref_autolevels_summary">"Коррекция на основе гистограмм"</string>
    <string name="pref_use_pixel_ar_title">"Корректировать неквадратный пиксель"</string>
    <string name="pref_use_pixel_ar_summary">"Корректировать неквадратный пиксель"</string>
    <string name="pref_pixel_ar_title">"Соотношение сторон пикселя"</string>
    <string name="pref_pixel_ar_summary">"Соотношение сторон пикселя"</string>

</resources>
