<?xml version="1.0" encoding="utf-8"?>
<resources xmlns:xliff="urn:oasis:names:tc:xliff:document:1.2">

    <string name="about_prefix">"ru"</string>
    <string name="about_title">"О программе"</string>
    <string name="about_commmon_title">"Общая информация"</string>
    <string name="about_fonts_title">"Шрифты"</string>
    <string name="about_license_title">"Лицензия"</string>
    <string name="about_3dparty_title">"Стороннее ПО"</string>
    <string name="about_changelog_title">"Изменения"</string>
    <string name="about_thanks_title">"Благодарности"</string>
    <string name="about_donations">"Пожертвования"</string>
    <string name="menu_smb">"Локальная сеть"</string>
    <string name="menu_opds">"OPDS каталоги"</string>

</resources>
