<?xml version="1.0" encoding="utf-8"?>
<resources xmlns:xliff="urn:oasis:names:tc:xliff:document:1.2">

    <string name="pref_ui_category">"Пользовательский интерфейс"</string>
    <string name="pref_ui_category_summary">"Настройки пользовательского интерфейса"</string>
    <string name="pref_lang_title">"Язык интерфейса"</string>
    <string name="pref_lang_summary">"Язык интерфейса (требуется перезапуск)"</string>
    <string name="list_lang_default">"Системный"</string>
    <string name="list_lang_en">"Английский (English)"</string>
    <string name="list_lang_de">"Немецкий (Deutsch)"</string>
    <string name="list_lang_es">"Испанский (Español)"</string>
    <string name="list_lang_fr">"Французский (Française)"</string>
    <string name="list_lang_it">"Итальянский (Italiano)"</string>
    <string name="list_lang_nl">"Голландский (Nederlands)"</string>
    <string name="list_lang_ru">"Русский"</string>
    <string name="list_lang_uk">"Украинский (Український)"</string>
    <string name="list_lang_zh">"Китайский (中文简体)"</string>
    <string name="list_lang_iw">"Иврит (עברית)"</string>
    <string name="list_lang_tt">"Татарcкий (Татар)"</string>
    <string name="pref_navigation_type_title">"Переключение"</string>
    <string name="pref_navigation_type_summary">"Переключение между документами и служебными вкладками"</string>
    <string name="pref_navigation_mode_title">"Переключение между вкладками"</string>
    <string name="pref_navigation_mode_summary">"Способ переключения между вкладками"</string>
    <string name="list_navigation_type_list">"Выпадающий список"</string>
    <string name="list_navigation_type_ctabs">"Закладки"</string>
    <string name="list_navigation_mode_all">"Всегда показывать все служебные вкладки"</string>
    <string name="list_navigation_mode_top_always">"Всегда показывать последнюю служебную вкладку"</string>
    <string name="list_navigation_mode_top_hidden">"Прятать служебную вкладку при открытой книге"</string>
    <string name="pref_loadrecent_title">"Открывать последнее"</string>
    <string name="pref_loadrecent_summary">"На старте автоматически открывать последнюю книгу"</string>
    <string name="pref_confirmexit_title">"Потверждать выход"</string>
    <string name="pref_confirmexit_summary">"Запрашивать потверждение при выходе из приложения"</string>
    <string name="pref_confirmclose_title">"Потверждать закрытие книги"</string>
    <string name="pref_confirmclose_summary">"Запрашивать потверждение закрытия книги по при нажатии кнопки Обратно"</string>
    <string name="pref_brightness_title">"Яркость"</string>
    <string name="pref_brightness_summary">"Настройки общей яркости картинки (0–100)"</string>
    <string name="pref_brightnessnightmodeonly_title">"Яркость ночью"</string>
    <string name="pref_brightnessnightmodeonly_summary">"Применять настройки яркости только в ночном режиме"</string>
    <string name="pref_keepscreenon_title">"Не выключать экран"</string>
    <string name="pref_keepscreenon_summary">"Не переходить в спящий режим"</string>
    <string name="pref_hide_sbar_title">"Скрыть статус-бар"</string>
    <string name="pref_hide_sbar_summary">"Скрыть верхний статус-бар"</string>
    <string name="pref_hide_sysui_title">"Погасить служебные кнопки"</string>
    <string name="pref_hide_sysui_summary">"Погасить служебные кнопки в нижнем системном баре"</string>
    <string name="pref_title_title">"Заголовки"</string>
    <string name="pref_title_summary">"Показывать заголовки."</string>
    <string name="pref_nav_list_title">"…как выпадающий список"</string>
    <string name="pref_nav_ctabs_title">"…как закладки"</string>
    <string name="pref_pageintitle_title">"Страница в заголовке"</string>
    <string name="pref_pageintitle_summary">"Показывать номер текущей странице в заголовке"</string>
    <string name="pref_pagenumbertoastposition_title">"Позиция уведомления о текущей странице"</string>
    <string name="pref_pagenumbertoastposition_summary">"Позиция уведомления о текущей странице"</string>
    <string name="pref_zoomtoastposition_title">"Позиция уведомления о текущем увеличении"</string>
    <string name="pref_zoomtoastposition_summary">"Позиция уведомления о текущем увеличении"</string>
    <string name="list_toastposition_invisible">"Не показывать"</string>
    <string name="list_toastposition_lefttop">"Левый верхний угол"</string>
    <string name="list_toastposition_righttop">"Правый верхний угол"</string>
    <string name="list_toastposition_leftbottom">"Левый нижний угол"</string>
    <string name="list_toastposition_bottom">"Внизу посередине"</string>
    <string name="list_toastposition_righbottom">"Правый нижний угол"</string>
    <string name="pref_showanimicon_title">"Показывать тип анимации"</string>
    <string name="pref_showanimicon_summary">"Показывать тип анимации если анимация или перетаскивание возможны"</string>

</resources>
