<?xml version="1.0" encoding="utf-8"?>
<resources xmlns:xliff="urn:oasis:names:tc:xliff:document:1.2">

    <string name="pref_ui_category">"Interfaccia utente"</string>
    <string name="pref_ui_category_summary">"Impostazioni dell'interfaccia utente"</string>
    <string name="pref_lang_title">"Lingua"</string>
    <string name="pref_lang_summary">"Lingua dell'interfaccia utente (é necessario riavviare l'app)"</string>
    <string name="list_lang_default">"Lingua predefinita di sistema"</string>
    <string name="list_lang_en">"Inglese (English)"</string>
    <string name="list_lang_de">"Tedesco (Deutsch)"</string>
    <string name="list_lang_es">"Spagnolo (Español)"</string>
    <string name="list_lang_fr">"Francese (Française)"</string>
    <string name="list_lang_it">"Italiano"</string>
    <string name="list_lang_nl">"Olandese (Nederlands)"</string>
    <string name="list_lang_ru">"Russo (Русский)"</string>
    <string name="list_lang_uk">"Ucraino (Український)"</string>
    <string name="list_lang_zh">"Cinese (中文简体)"</string>
    <string name="list_lang_iw">"Ebraico (עברית)"</string>
<!--<string name="list_lang_tt">"Tatar (Татар)"</string>-->
    <string name="pref_navigation_type_title">"Interfaccia servizi"</string>
    <string name="pref_navigation_type_summary">"Specifica come navigare tra i documenti e i diverse modalità di catalogo (servizi)&quot;"</string>
    <string name="pref_navigation_mode_title">"Navigazione tra servizi"</string>
    <string name="pref_navigation_mode_summary">"Come spostarsi da un servizio all'altro&quot;"</string>
    <string name="list_navigation_type_list">"Menu a discesa nella barra delle attività"</string>
    <string name="list_navigation_type_ctabs">"Linguette nella barra delle attività"</string>
    <string name="list_navigation_mode_all">"Mostra sempre tutti i servizi"</string>
    <string name="list_navigation_mode_top_always">"Mostra sempre il servizio principale"</string>
    <string name="list_navigation_mode_top_hidden">"Nascondi il servizio principale quando il libro è aperto"</string>
    <string name="pref_loadrecent_title">"Apri titolo recente"</string>
    <string name="pref_loadrecent_summary">"All'avvio apri l’ultimo libro letto"</string>
<!--<string name="pref_confirmexit_title">"Confirm application exit"</string>-->
<!--<string name="pref_confirmexit_summary">"Ask application exit confirmation on Back pressed"</string>-->
    <string name="pref_confirmclose_title">"Conferma chiusura"</string>
    <string name="pref_confirmclose_summary">"Chiedi conferma della chiusura del documento alla pressione del pulsante Indietro"</string>
    <string name="pref_brightness_title">"Luminosità"</string>
    <string name="pref_brightness_summary">"Impostazioni generali della luminosità dell’immagine (0–100)"</string>
    <string name="pref_brightnessnightmodeonly_title">"Luminosità in modalità notte"</string>
    <string name="pref_brightnessnightmodeonly_summary">"Applica le impostazioni di luminosità solo alla modalità notte"</string>
    <string name="pref_keepscreenon_title">"Non spegnere lo schermo"</string>
    <string name="pref_keepscreenon_summary">"Non passare al regime di ibernazione"</string>
    <string name="pref_hide_sbar_title">"Nascondi la barra di stato"</string>
    <string name="pref_hide_sbar_summary">"Nascondi la barra di stato (Status Bar)"</string>
    <string name="pref_hide_sysui_title">"Nascondi la barra di sistema"</string>
    <string name="pref_hide_sysui_summary">"Nascondi la barra di sistema (System UI Bar)"</string>
    <string name="pref_title_title">"Titolo"</string>
    <string name="pref_title_summary">"Mostra il titolo."</string>
<!--<string name="pref_nav_list_title">"…as drop down list"</string>-->
<!--<string name="pref_nav_ctabs_title">"…as tabs"</string>-->
    <string name="pref_pageintitle_title">"Numero di pagina"</string>
    <string name="pref_pageintitle_summary">"Mostra il numero di pagina nel titolo"</string>
    <string name="pref_pagenumbertoastposition_title">"Posizione indicatore di numero pagina"</string>
    <string name="pref_pagenumbertoastposition_summary">"Specifica dove visualizzare l'indicatore con il numero di pagina"</string>
    <string name="pref_zoomtoastposition_title">"Posizione indicatore di zoom"</string>
    <string name="pref_zoomtoastposition_summary">"Specifica dove visualizzare l'indicatore con il fattore di ingrandimento"</string>
    <string name="list_toastposition_invisible">"Non mostrare"</string>
    <string name="list_toastposition_lefttop">"In alto a sinistra"</string>
    <string name="list_toastposition_righttop">"In alto a destra"</string>
    <string name="list_toastposition_leftbottom">"In basso a sinistra"</string>
    <string name="list_toastposition_bottom">"In basso al centro"</string>
    <string name="list_toastposition_righbottom">"In basso a destra"</string>
    <string name="pref_showanimicon_title">"Visualizza simbolo animazione"</string>
    <string name="pref_showanimicon_summary">"Se l'animazione o il trascinamento sono possibili, visualizza un simbolo del tipo di animazione selezionata"</string>

</resources>
