<?xml version="1.0" encoding="utf-8"?>
<resources xmlns:xliff="urn:oasis:names:tc:xliff:document:1.2">

    <string name="pref_opds_category">"Impostazioni OPDS"</string>
    <string name="pref_opds_category_summary">"Impostazioni del browser OPDS (Open Publication Distribution System)"</string>
    <string name="pref_opds_downloaddir_title">"Scarica cartella"</string>
    <string name="pref_opds_downloaddir_summary">"Scarica in"</string>
    <string name="pref_opds_filterbooktypes_title">"Filtra in base al formato dei libri"</string>
    <string name="pref_opds_filterbooktypes_summary">"Escludi i libri nei formati non supportati"</string>
    <string name="pref_opds_downloadarchives_title">"Scarica libri compressi"</string>
    <string name="pref_opds_downloadarchives_summary">"Scarica libri in archivi compressi (zip)"</string>
    <string name="pref_opds_unpackarchives_title">"Scompatta archivi compressi"</string>
    <string name="pref_opds_unpackarchives_summary">"Scompatta i libri in formato compresso dopo il download"</string>
    <string name="pref_opds_deletearchives_title">"Cancella archivi compressi"</string>
    <string name="pref_opds_deletearchives_summary">"Cancella gli archivi compressi dopo aver scompattato i libri"</string>
<!--<string name="pref_opds_thumbloadtimeout_title">"Thumbnails loading timeout"</string>-->
<!--<string name="pref_opds_thumbloadtimeout_summary">"Thumbnails loading timeout in seconds"</string>-->

</resources>
