<?xml version="1.0" encoding="utf-8"?>
<resources xmlns:xliff="urn:oasis:names:tc:xliff:document:1.2">

    <string name="pref_browser_category">"Visualizzazione dei file"</string>
    <string name="pref_browser_category_summary">"Impostazioni della gestione e visualizzazione di file e cartelle"</string>
    <string name="pref_usebookcase_title">"Utilizza libreria"</string>
    <string name="pref_usebookcase_summary">"Utilizza la libreria con le copertine al posto degli elenchi"</string>
    <string name="pref_showrecentsonstartup_title">"All'avvio mostra l'elenco dei documenti recenti"</string>
    <string name="pref_showrecentsonstartup_summary">"Se la vista a scaffale è disattivata, all'avvio mostra una list degli ultimi documenti visualizzati"</string>
    <string name="pref_brautoscandir_title">"Cartella di scansione"</string>
    <string name="pref_brautoscandir_summary">"Cartella nella quale effettuare una scansione automatica dei documenti in formato conosciuto"</string>
    <string name="pref_savescanresults_title">"Salva i risultati della scansione"</string>
    <string name="pref_savescanresults_summary">"Memorizza i risultati della scansione in un file permanente invece di effettuare una nuova scansione ad ogni avvio"</string>
    <string name="pref_autoscanremovable_title">"Scansione automatica della memoria esterna"</string>
    <string name="pref_autoscanremovable_summary">"Effettua automaticamente una scansione quando vengono inseriti nuovi dispositivi rimovibili di memorizzazione"</string>
    <string name="pref_showremovable_title">"Mostra dispositivi rimovibili"</string>
    <string name="pref_showremovable_summary">"Mostra i supporti di memorizzazione rimovibili nel menu Storage"</string>
    <string name="pref_showscanning_title">"Mostra le cartelle scansionate"</string>
    <string name="pref_showscanning_summary">"Mostra automaticamente le directory scansionate nel menu Storage"</string>
    <string name="pref_shownotifications_title">"Mostra notifiche"</string>
    <string name="pref_shownotifications_summary">"Mostra le notifiche relative all'aggiunta e cancellazione di file"</string>
    <string name="pref_cachelocation_title">"Posizione cache"</string>
    <string name="pref_cachelocation_summary">"Specifica dove memorizzare i file della cache (temporanei)"</string>
    <string name="list_cachelocation_system">"Cache dell'app nella memoria di sistema"</string>
    <string name="list_cachelocation_custom">"Cache dell'app sulla Sdcard esterna"</string>

</resources>
