<?xml version="1.0" encoding="utf-8"?>
<resources xmlns:xliff="urn:oasis:names:tc:xliff:document:1.2">

    <string name="startup_init_app">"Inizializzazione app…"</string>
    <string name="startup_check_gl">"Verifica configurazione GL"</string>
    <string name="startup_init_native">"Carica libreria nativa…"</string>
    <string name="startup_fix_book_paths">"Correggi percorso libri…"</string>
    <string name="startup_load_recents">"Caricamento libri recenti…"</string>
    <string name="startup_load_book">"Caricamento libro…"</string>
    <string name="startup_restore_state">"Ripristino dello stato salvato…"</string>
    <string name="confirmexit_title">"Uscita dall'applicazione…"</string>
    <string name="confirmexit_msg">"Vuoi davvero uscire dall'applicazione?"</string>
    <string name="confirmclose_title">"Chiusura…"</string>
    <string name="confirmclose_msg">"Vuoi davvero chiudere il documento?"</string>
    <string name="confirmsave_msg">"Vuoi salvare questo documento?"</string>
    <string name="confirmsave_yes_btn">"Salva ed esci"</string>
    <string name="confirmsave_no_btn">"Chiudi"</string>
    <string name="error_dlg_title">"Errore dell'applicazione"</string>
    <string name="error_native_failed">"Errore terminale: l'applicazione è inconsistente"</string>
    <string name="msg_loading_book">"Caricamento libro: %1$s…"</string>
    <string name="msg_wrong_password">"Password errata…"</string>
    <string name="msg_password_required">"Inserire la password…"</string>
    <string name="msg_unexpected_error">"Si é verificato un errore imprevisto:\n%s"</string>
    <string name="dialog_title_goto_page">"Vai alla pagina o al segnalibro"</string>
    <string name="button_goto_page">"Vai"</string>
    <string name="text_page">"Pagina"</string>
    <string name="error_close">"Chiudi"</string>
    <string name="dialog_backup_name_hint">"Inserisci il nome del nuovo backup…"</string>
    <string name="dialog_backup_backup">"Salvataggio…"</string>
    <string name="dialog_backup_restore">"Ripristino…"</string>
    <string name="dialog_backup_remove">"Eliminazione…"</string>
    <string name="restore_progess">"Ripristino impostazioni…"</string>
    <string name="restore_finish">"Impostazioni ripristinate correttamente"</string>
    <string name="fix_book_paths_progess">"Correzione percorso libri…"</string>
    <string name="fix_book_paths_finish">"Percorso libri corretto con successo"</string>
    <string name="add_bookmark_name">"Immetti un nome per questo segnalibro"</string>
    <string name="bookmark_start">"Prima pagina"</string>
    <string name="bookmark_current">"Posizione attuale"</string>
    <string name="bookmark_end">"Ultima pagina"</string>
    <string name="bookmark_invalid_page">"Il numero di pagina è errato. Pagine accessibili: %1$d-%2$d"</string>
    <string name="notes_title">"Note"</string>
    <string name="clear_notes_title">"Cancella tutte le note"</string>
    <string name="clear_notes_text">"Questa azione eliminera definitivamente tutte le note inserite nel testo del libro corrente. Continuare?"</string>
    <string name="del_note_title">"Rimuovi nota"</string>
    <string name="del_note_text">"Vuoi davvero rimuovere questa nota?"</string>
    <string name="bookmarks_title">"Segnalibri"</string>
    <string name="clear_bookmarks_title">"Elimina tutti i segnalibri"</string>
    <string name="clear_bookmarks_text">"Vuoi davvero cancellare tutti i segnalibri?"</string>
    <string name="del_bookmark_title">"Elimina questo segnalibro"</string>
    <string name="del_bookmark_text">"Vuoi davvero cancellare questo segnalibro?"</string>
    <string name="clear_recent_title">"Elimina i titoli più recenti"</string>
    <string name="clear_recent_text">"Vuoi davvero cancellare l'elenco degli ultimi titoli aperti?"</string>
    <string name="bookcase_shelves">"Scaffali"</string>
    <string name="recent_title">"Libri recenti"</string>
    <string name="list_clear_recent_mode_clear_recent_list">"Elimina l’elenco dei libri letti recentemente"</string>
    <string name="list_clear_recent_mode_delete_bookmarks">"Elimina tutti i segnalibri"</string>
    <string name="list_clear_recent_mode_delete_book_settings">"Rimuovi le impostazioni specifiche per libro"</string>
    <string name="list_clear_recent_mode_delete_cached_data">"Rimuovi tutti i file della cache"</string>
<!--<string name="about_prefix">"en"</string>-->
    <string name="about_title">"Informazioni su"</string>
    <string name="about_commmon_title">"Informazioni generiche"</string>
    <string name="about_fonts_title">"Famiglie di caratteri"</string>
    <string name="about_license_title">"Licenza"</string>
    <string name="about_3dparty_title">"Software di terze parti"</string>
    <string name="about_changelog_title">"Cronologia modifiche"</string>
    <string name="about_thanks_title">"Ringraziamenti"</string>
    <string name="about_donations">"Donazioni"</string>
    <string name="browser_add">"Aggiungi"</string>
<!--<string name="browser_paste">"Paste selected"</string>-->
    <string name="browser_createfolder">"Crea cartella"</string>
    <string name="browser_createfolder_msg">"Digita il nome della cartella:"</string>
    <string name="browser_refresh">"Aggiorna"</string>
<!--<string name="browser_home">"Home"</string>-->
    <string name="browser_up">"Su"</string>
<!--<string name="thumbnails_fetch_start">"Fetch thumbnails…"</string>-->
<!--<string name="thumbnails_fetch_progress">"Fetch thumbnails: %1$s"</string>-->
    <string name="book_copy_start">"Copia libro…"</string>
    <string name="book_copy_progress">"Copia libro: %1$s/%2$s…"</string>
    <string name="book_copy_complete">"Copia libro completata: %s"</string>
    <string name="book_copy_error">"Copia libro fallita: %s"</string>
    <string name="book_move_start">"Sposta libro…"</string>
    <string name="book_move_progress">"Sposta libro: %1$s/%2$s…"</string>
    <string name="book_move_complete">"Spostamento libro completato: %s"</string>
    <string name="book_move_error">"Spostamento libro fallito: %s"</string>
    <string name="book_rename_title">"Rinomina libro"</string>
    <string name="book_rename_msg">"Inserire il nuovo nome:"</string>
    <string name="book_delete_title">"Elimina libro"</string>
<!--<string name="book_delete_one_msg">"Are you sure you want to delete this book?"</string>-->
<!--<string name="book_delete_books_msg">"Are you sure you want to delete %1$s book(s)?"</string>-->
<!--<string name="book_delete_books_and_dirs_msg">"Are you sure you want to delete %1$s book(s) and %2$s dir(s)?"</string>-->
<!--<string name="book_delete_books_and_dirs_2nd_msg">"ARE YOU REALLY SURE you want to delete %1$s book(s) and %2$s dir(s)?"</string>-->
<!--<string name="book_delete_start">"Delete books…"</string>-->
<!--<string name="book_delete_collect">"Collect books to delete: %1$s…"</string>-->
<!--<string name="book_delete_progress">"Delete book: %1$s/%2$s…"</string>-->
<!--<string name="book_delete_complete">"Books deleting complete: %s"</string>-->
<!--<string name="book_delete_error">"Book deleting failed: %s"</string>-->
    <string name="outline_title">"Indice"</string>
    <string name="outline_missed">"Indice non presente"</string>
    <string name="error_page_out_of_rande">"Numero di pagina errato. Valori ammessi: 1-%1$d"</string>
    <string name="msg_loading">"Caricamento %1$s … Attendere"</string>
    <string name="msg_loading_part">"Caricamento %1$s (%2$d/%3$d)… Attendere"</string>
    <string name="msg_caching">"Caching %1$s (%2$d/%3$d)… Attendere"</string>
    <string name="msg_getting_page_size">"Acquisizione dimensioni pagina %1$d/%2$d"</string>
    <string name="tap_zones_regions">"Regione"</string>
    <string name="tap_zones_single_tap">"Tocco singolo"</string>
    <string name="tap_zones_double_tap">"Doppio tocco"</string>
    <string name="tap_zones_long_tap">"Tocco prolungato"</string>
    <string name="tap_zones_two_finger_tap">"Tocco a due dita"</string>
    <string name="tap_zones_reset">"Ripristina"</string>
    <string name="tap_zones_delete">"Elimina"</string>
    <string name="tap_zones_clear">"Svuota"</string>
    <string name="search_results_title">"Risultati della ricerca"</string>
    <string name="search_book_dlg_title">"Ricerca…"</string>
    <string name="folder_books_count">"Libri: %1$d"</string>
    <string name="copy_book_to_dlg_title">"Copia libro in…"</string>
    <string name="move_book_to_dlg_title">"Sposta libro in…"</string>
    <string name="notification_file_add">"File aggiunto alla libreria"</string>
    <string name="notification_file_delete">"File rimosso dalla libreria"</string>
    <string name="msg_fonts_installing_pack">"Installazione dei caratteri incorporati: %1$s…"</string>
    <string name="cache_moving_text">"Trasferimento dei file della cache…"</string>
    <string name="cache_moving_progress">"Trasferimento file cache %1$d/%2$d"</string>
    <string name="error_invalid_view_mode">"Questa azione è disponibile solo nella modalità %1$s"</string>
    <string name="install_decoder_title">"Installazione del plug-in di decodifica"</string>
    <string name="install_decoder_msg">"Per aprire questo documento è necessario installare un plug-in separato per la decodifica. La nostra applicazione è in grado di fornire quello mostrato qui di seguito. Si prega di confermarne l'installazione e abilitarne l'uso:"</string>
    <string name="tools_export_progress">"Esportazione in corso delle annotazioni (note nel testo e appunti)…"</string>
    <string name="tools_export_success">"Le annotazioni di questo libro sono state esportate in %1$s"</string>
    <string name="tools_export_error">"Esportazione fallita:\n%1$s"</string>
<!--<string name="pageindex_dlg_msg">"Assign new page index for current page"</string>-->
<!--<string name="pageindex_dlg_reset">"Reset"</string>-->
<!--<string name="pageindex_dlg_set">"Ok"</string>-->

</resources>
