<?xml version="1.0" encoding="utf-8"?>
<resources xmlns:xliff="urn:oasis:names:tc:xliff:document:1.2">

<!--<string name="about_prefix">"en"</string>-->
    <string name="about_title">"Informazioni su"</string>
    <string name="about_commmon_title">"Informazioni generiche"</string>
    <string name="about_fonts_title">"Famiglie di caratteri"</string>
    <string name="about_license_title">"Licenza"</string>
    <string name="about_3dparty_title">"Software di terze parti"</string>
    <string name="about_changelog_title">"Cronologia modifiche"</string>
    <string name="about_thanks_title">"Ringraziamenti"</string>
    <string name="about_donations">"Donazioni"</string>
    <string name="menu_smb">"Rete locale"</string>
    <string name="menu_opds">"Browser OPDS"</string>

</resources>
