<?xml version="1.0" encoding="utf-8"?>
<resources xmlns:xliff="urn:oasis:names:tc:xliff:document:1.2">

    <string name="pref_navigation_category">"Navigazione e Cronologia"</string>
    <string name="pref_navigation_category_summary">"Imposta le preferenze di navigazione e cronologia"</string>
    <string name="pref_usegotobar_title">"Modalità di navigazione avanzata"</string>
    <string name="pref_usegotobar_summary">"Utlizza la modalità di navigazione avanzata al posto del menu 'Vai a…'"</string>
    <string name="pref_showaddbutton_title">"Pulsante segnalibri"</string>
    <string name="pref_showaddbutton_summary">"Mostra il pulsante per aggiungere segnalibri"</string>
    <string name="pref_showbookmarksmenu_summary">"Mostra segnalibri nel menu"</string>
    <string name="pref_showbookmarksmenu_title">"Mostra i segnalibri nel menu di navigazione"</string>
    <string name="pref_link_highlight_summary">"Imposta il colore con cui evidenziare i collegamenti (link)"</string>
    <string name="pref_link_highlight_title">"Evidenziatore Collegamenti"</string>
    <string name="pref_search_highlight_summary">"Imposta il colore con cui evidenziare i risultati di ricerca"</string>
    <string name="pref_search_highlight_title">"Evidenziatore Ricerche"</string>
    <string name="pref_current_search_highlight_summary">"Imposta il colore con cui evidenziare i risultati dell'ultima ricerca"</string>
    <string name="pref_current_search_highlight_title">"Evidenziatore ultima ricerca"</string>
    <string name="pref_storeGotoHistory_title">"Ricorda i salti alla pagina"</string>
    <string name="pref_storeGotoHistory_summary">"Salva nella cronologia di navigazione i salti alla pagina"</string>
    <string name="pref_storeLinkGotoHistory_title">"Ricorda i salti ai collegamenti"</string>
    <string name="pref_storeLinkGotoHistory_summary">"Salva nella cronologia di navigazione i salti ai collegamenti"</string>
    <string name="pref_storeOutlineGotoHistory_title">"Ricorda i salti alle voci dell'indice"</string>
    <string name="pref_storeOutlineGotoHistory_summary">"Salva nella cronologia di navigazione i salti alle voci dell'indice"</string>
    <string name="pref_storeSearchGotoHistory_title">"Ricorda i salti ai risultati di ricerca"</string>
    <string name="pref_storeSearchGotoHistory_summary">"Salva nella cronologia di navigazione i salti ai risultati di ricerca"</string>

</resources>
