<?xml version="1.0" encoding="utf-8"?>
<resources xmlns:xliff="urn:oasis:names:tc:xliff:document:1.2">

    <string name="pref_brfiletypespecific_title">"Impostazioni specifiche"</string>
    <string name="pref_brfiletypespecific_summary">"Impostazioni specifiche per ciascun formato di file"</string>
    <string name="pref_brfiletypespecificdjvu_summary">"Impostazioni specifiche per il formato DJVU"</string>
    <string name="pref_djvu_rendering_mode_title">"Modalità di visualizzazione del testo"</string>
    <string name="pref_djvu_rendering_mode_summary">"Modalità di visualizzazione della pagina"</string>
    <string name="list_djvu_rendering_mode_0">"A colori"</string>
    <string name="list_djvu_rendering_mode_1">"In bianco e nero"</string>
    <string name="list_djvu_rendering_mode_2">"Solo colore"</string>
    <string name="list_djvu_rendering_mode_3">"Solo maschera"</string>
    <string name="list_djvu_rendering_mode_4">"Solo lo strato di sfondo"</string>
    <string name="list_djvu_rendering_mode_5">"Solo lo strato principale"</string>
    <string name="pref_brfiletypespecificpdf_summary">"Impostazioni specifiche per il formato PDF"</string>
    <string name="pref_monofontpack_title">"Famiglia di caratteri Monospace"</string>
    <string name="pref_monofontpack_summary">"Specifica il font-pack della famiglia di caratteri Monospace"</string>
    <string name="pref_sansfontpack_title">"Famiglia di caratteri Sans"</string>
    <string name="pref_sansfontpack_summary">"Specifica il font-pack della famiglia di caratteri Sans"</string>
    <string name="pref_seriffontpack_title">"Famiglia di caratteri Serif"</string>
    <string name="pref_seriffontpack_summary">"Specifica il font-pack della famiglia di caratteri Serif"</string>
    <string name="pref_symbolfontpack_title">"Famiglia di caratteri Symbol"</string>
    <string name="pref_symbolfontpack_summary">"Specifica il font-pack della famiglia di caratteri Symbol"</string>
    <string name="pref_dingbatfontpack_title">"Famiglia di caratteri Dingbat"</string>
    <string name="pref_dingbatfontpack_summary">"Specifica il font-pack della famiglia di caratteri Dingbat"</string>
    <string name="pref_systemfontpack">"Caratteri di default di Android"</string>
<!--<string name="pref_pdf_use_sys_fonts_title">"Use external fonts"</string>-->
<!--<string name="pref_pdf_use_sys_fonts_summary">"Use external fonts for PDF rendering"</string>-->
<!--<string name="pref_pdf_sys_font_dirs_title">"External font directories"</string>-->
<!--<string name="pref_pdf_sys_font_dirs_summary">"Directories for automatic font search (semicolon separated)"</string>-->
    <string name="pref_slowcmyk_title">"CMYK (lento)"</string>
    <string name="pref_slowcmyk_summary">"Utilizza un algoritrmo accurato ma lento per la conversione da CYMK a RGB"</string>
    <string name="pref_brfiletypespecificfb2_summary">"Impostazioni specifiche per il formato FB2"</string>
    <string name="pref_fontsize_title">"Dimensione caratteri"</string>
    <string name="pref_fontsize_summary">"Dimensione di base dei caratteri"</string>
    <string name="pref_fb2fontpack_title">"Famiglia di caratteri FB2"</string>
    <string name="pref_fb2fontpack_summary">"Specifica il font-pack da utilizzare nella visualizzazione dei documenti FB2"</string>
    <string name="list_fontsize_tiny">"Minuscolo"</string>
    <string name="list_fontsize_small">"Piccolo"</string>
    <string name="list_fontsize_normal">"Normale"</string>
    <string name="list_fontsize_large">"Grande"</string>
    <string name="list_fontsize_huge">"Enorme"</string>
    <string name="pref_fb2hyphen_title">"Abilita sillabazione"</string>
    <string name="pref_fb2hyphen_summary">"Abilita l'algoritmo sperimentale di sil-la-ba-zio-ne per i ritorni a capo"</string>
    <string name="pref_fb2cacheimages_title">"Memorizza le immagini su disco"</string>
    <string name="pref_fb2cacheimages_summary">"Memorizza temporaneamente le immagini del documento in una cache su disco per limitare l'utilizzo di memoria"</string>
    <string name="pref_brfiletypespecificepub_summary">"Impostazioni specifiche per il formato EPUB"</string>
    <string name="pref_epuboverridefonts_title">"Ignora i font del documento"</string>
    <string name="pref_epuboverridefonts_summary">"Ignora i font specificati dal documento e utilizza in loro vece quelli indicati qui sotto"</string>
    <string name="pref_epubfontpack_title">"Famiglia di caratteri EPUB"</string>
    <string name="pref_epubfontpack_summary">"Specifica il font-pack da utilizzare nella visualizzazione dei documenti EPUB"</string>
    <string name="pref_epubfontsize_title">"Dimensioni caratteri"</string>
    <string name="pref_epubfontsize_summary">"Dimensione di base dei caratteri"</string>
    <string name="pref_epubhyphen_title">"Abilita la sillabazione"</string>
    <string name="pref_epubhyphen_summary">"Abilita l'algoritmo sperimentale di sil-la-ba-zio-ne per i ritorni a capo"</string>
    <string name="pref_brfiletypespecificrtf_summary">"Impostazioni specifiche per il formato RTF"</string>
    <string name="pref_rtffontpack_title">"Famiglia di caratteri RTF"</string>
    <string name="pref_rtffontpack_summary">"Specifica il font-pack da utilizzare nella visualizzazione dei documenti RTF"</string>
    <string name="pref_rtffontsize_title">"Dimensioni caratteri"</string>
    <string name="pref_rtffontsize_summary">"Dimensione di base dei caratteri"</string>
    <string name="pref_rtfhyphen_title">"Abilita la sillabazione"</string>
    <string name="pref_rtfhyphen_summary">"Abilita l'algoritmo sperimentale di sil-la-ba-zio-ne per i ritorni a capo"</string>

</resources>
