<?xml version="1.0" encoding="utf-8"?>
<resources xmlns:xliff="urn:oasis:names:tc:xliff:document:1.2">

    <string name="pref_backup_category">"Impostazioni di backup e ripristino"</string>
    <string name="pref_backup_category_summary">"Preferenze delle operazioni automatiche di salvataggio e ripristino"</string>
    <string name="pref_backuponexit_title">"Backup automatico alla chiusura dell'app"</string>
    <string name="pref_backuponexit_summary">"Salva automaticamente le preferenze all'uscita dall'applicazione"</string>
    <string name="pref_backuponbookclose_title">"Backup automatico alla chiusura del libro"</string>
    <string name="pref_backuponbookclose_summary">"Salva automaticamente le preferenze alla chiusura del libro"</string>
    <string name="pref_maxnumberofautobackups_title">"Numero di backup automatici"</string>
    <string name="pref_maxnumberofautobackups_summary">"Numero massimo di backup automatici"</string>
    <string name="pref_bookbackuptype_title">"Salvataggio impostazioni libro"</string>
    <string name="pref_bookbackuptype_summary">"Salvataggio delle impostazioni personalizzate per libro"</string>
    <string name="list_bookbackuptype_none">"Nessuno"</string>
    <string name="list_bookbackuptype_recent">"Più recente"</string>
    <string name="list_bookbackuptype_all">"Tutti"</string>

</resources>
