<?xml version="1.0" encoding="utf-8"?>
<resources xmlns:xliff="urn:oasis:names:tc:xliff:document:1.2">

    <string name="pref_lang_title">"Lingua"</string>
    <string name="pref_lang_summary">"Lingua dell'interfaccia utente (é necessario riavviare l'app)"</string>
    <string name="list_lang_default">"Lingua predefinita di sistema"</string>
    <string name="list_lang_en">"Inglese (English)"</string>
    <string name="list_lang_de">"Tedesco (Deutsch)"</string>
    <string name="list_lang_es">"Spagnolo (Español)"</string>
    <string name="list_lang_fr">"Francese (Française)"</string>
    <string name="list_lang_it">"Italiano"</string>
    <string name="list_lang_nl">"Olandese (Nederlands)"</string>
    <string name="list_lang_ru">"Russo (Русский)"</string>
    <string name="list_lang_uk">"Ucraino (Український)"</string>
    <string name="list_lang_zh">"Cinese (中文简体)"</string>
    <string name="list_lang_iw">"Ebraico (עברית)"</string>
<!--<string name="list_lang_tt">"Tatar (Татар)"</string>-->

</resources>
