<?xml version="1.0" encoding="utf-8"?>
<resources xmlns:xliff="urn:oasis:names:tc:xliff:document:1.2">

    <string name="pref_rotation_title">"Orientamento"</string>
    <string name="pref_rotation_summary">"Specifica la modalità di rotazione dello schermo"</string>
    <string name="list_rotation_unspecified">"Non specificata"</string>
    <string name="list_rotation_land">"Forza modalità album"</string>
    <string name="list_rotation_port">"Forza modalità ritratto"</string>
    <string name="list_rotation_user">"Specificata dall'utente"</string>
    <string name="list_rotation_behind">"Ereditata dall'app sottostante"</string>
    <string name="list_rotation_auto">"Automatica"</string>
    <string name="list_rotation_nosensor">"Manuale (senza sensore)"</string>
    <string name="list_rotation_sensor_landscape">"Modalità album con sensore per inversione"</string>
    <string name="list_rotation_sensor_portrait">"Modalità ritratto con sensore per inversione"</string>
    <string name="list_rotation_reverse_landscape">"Forza modalità album invertito"</string>
    <string name="list_rotation_reverse_portrait">"Forza modalità ritratto invertito"</string>
    <string name="list_rotation_full_sensor">"Gestita dal sensore"</string>
    <string name="pref_render_category">"Impostazioni generali di visualizzazione"</string>
    <string name="pref_render_category_summary">"Imposta le modalità generali di visualizzazione della pagina e del testo"</string>
    <string name="pref_book_category">"Impostazioni per il libro corrente"</string>
    <string name="pref_book_category_summary">"Imposta le modalità di visualizzazione per il solo libro corrente. Queste impostazioni hanno la precedenza sulle impostazioni generali."</string>
    <string name="pref_firstpageoffset_title">"Imposta prima pagina"</string>
    <string name="pref_firstpageoffset_summary">"Scegli quale pagina mostrare alla prima apertura del libro"</string>
    <string name="pref_splitpages_title">"Spezza le doppie pagine"</string>
    <string name="pref_splitpages_summary">"Se la pagina è in formato album, mostra mezza pagina alla volta (seguendo l'ordine sinistra-destra)"</string>
    <string name="pref_splitpages_rtl_title">"Spezza le doppie pagine (da destra verso sinistra)"</string>
    <string name="pref_splitpages_rtl_summary">"Se la pagina è in formato album, mostra mezza pagina alla volta, prima la metà a destra e poi quella a sinistra"</string>
    <string name="pref_croppages_title">"Ritaglia i margini"</string>
    <string name="pref_croppages_summary">"Rimuovi automaticamente i margini vuoti delle pagine"</string>
    <string name="pref_viewmode_title">"Modalità di visualizzazione"</string>
    <string name="pref_viewmode_summary">"Modalità di visualizzazione del documento"</string>
    <string name="list_viewmode_vertical_scroll">"Pagine affiancate verticalmente"</string>
    <string name="list_viewmode_horizontal_scroll">"Pagine affiancate orizzontalmente"</string>
    <string name="list_viewmode_single_page">"Una pagina alla volta"</string>
<!--<string name="list_viewmode_twin_pages">"Twin pages"</string>-->
    <string name="pref_singlepage_category">"Modalità di visualizzazione della singola pagina"</string>
    <string name="pref_singlepage_category_summary">"Impostazioni delle modalità di visualizzazione della singola pagina"</string>
    <string name="pref_align_title">"Adattamento delle pagine"</string>
    <string name="pref_align_summary">"Modalità di adattamento delle pagine allo schermo"</string>
    <string name="list_align_by_width">"Adatta alla larghezza della pagina"</string>
    <string name="list_align_by_height">"Adatta all'altezza della pagina"</string>
    <string name="list_align_auto">"Adatta automaticamente"</string>
    <string name="pref_animationtype_title">"Animazione cambio pagina"</string>
    <string name="pref_animationtype_summary">"Modalità di animazione del passaggio da una pagina all'altra"</string>
    <string name="list_animation_none">"Nessuna animazione"</string>
    <string name="list_animation_curler_simple">"Sfoglia - Semplice"</string>
    <string name="list_animation_curler_dynamic">"Sfoglia - Dinamica"</string>
    <string name="list_animation_curler_natural">"Sfoglia - Realistica"</string>
    <string name="list_animation_slider">"Scorri"</string>
    <string name="list_animation_fader">"Dissolvi"</string>
    <string name="list_animation_squeezer">"Comprimi"</string>
    <string name="list_animation_slider2">"Scorri sopra"</string>
    <string name="pref_postprocessing_category">"Effetti aggiuntivi"</string>
    <string name="pref_postprocessing_summary">"Effetti e correzioni applicati successivamente al rendering della pagina"</string>
    <string name="pref_nightmode_title">"Modalità notte"</string>
    <string name="pref_nightmode_summary">"Testo chiaro su sfondo scuro (negativo)"</string>
    <string name="pref_posimages_in_nightmode_title">"Non invertire i colori delle immagini"</string>
    <string name="pref_posimages_in_nightmode_summary">"In modalità notturna mostra una versione in scala di grigio delle immagini, senza invertirne i colori"</string>
    <string name="pref_bg_color_title">"Colore pagina"</string>
    <string name="pref_bg_color_summary">"Specifica il colore da usare come sfondo della pagina"</string>
<!--<string name="pref_use_page_as_bg_color_title">"Page background as view background"</string>-->
<!--<string name="pref_use_page_as_bg_color_summary">"Use specified page background color for filling unused space"</string>-->
    <string name="pref_contrast_title">"Contrasto"</string>
    <string name="pref_contrast_summary">"Correzione del livello di contrasto (0 – 1000, default = 100 )"</string>
<!--<string name="pref_gamma_title">"Gamma"</string>-->
    <string name="pref_gamma_summary">"Correzione del livello gamma"</string>
    <string name="pref_exposure_title">"Esposizione"</string>
    <string name="pref_exposure_summary">"Correzione del livello di esposizione (0 – 200, default = 100)"</string>
    <string name="pref_autolevels_title">"Livelli automatici"</string>
    <string name="pref_autolevels_summary">"Correzione automatica dei livelli"</string>
    <string name="pref_use_pixel_ar_title">"Imposta proporzioni fisse"</string>
    <string name="pref_use_pixel_ar_summary">"Imposta un rapporto fisso nelle proporzioni della pagina"</string>
    <string name="pref_pixel_ar_title">"Rapporto di proporzioni personalizzato"</string>
    <string name="pref_pixel_ar_summary">"Valore del rapporto di proporzioni personalizzato"</string>

</resources>
