<?xml version="1.0" encoding="utf-8"?>
<resources xmlns:xliff="urn:oasis:names:tc:xliff:document:1.2">

    <string name="app_name" translatable="false">EBookDroid</string>

    <string name="startup_init_app">Init application&#8230;</string>
    <string name="startup_check_gl">Check GL configuration&#8230;</string>
    <string name="startup_init_native">Load native library&#8230;</string>
    <string name="startup_fix_book_paths">Fix book paths&#8230;</string>
    <string name="startup_load_recents">Load recent books&#8230;</string>
    <string name="startup_load_book">Load book&#8230;</string>
    <string name="startup_restore_state">Restore saved state&#8230;</string>

    <string name="confirmexit_title">Leaving application&#8230;</string>
    <string name="confirmexit_msg">Do you really want to exit from application?</string>

    <string name="confirmclose_title">Closing viewer&#8230;</string>
    <string name="confirmclose_msg">Do you really want to close this document?</string>
    <string name="confirmsave_msg">Would you like to save this document?</string>
    <string name="confirmsave_yes_btn">Save and close</string>
    <string name="confirmsave_no_btn">Close</string>

    <string name="error_dlg_title">Application error</string>
    <string name="error_native_failed">Fatal error: application is inconsistent.</string>
    <string name="msg_bad_intent" translatable="false">"Bad intent or scheme:\n%s"</string>
    <string name="msg_no_intent_data" translatable="false">"No intent data:\n%s"</string>
    <string name="msg_unknown_intent_data_type" translatable="false">"Unknown intent data type:\n%s"</string>

    <string name="msg_loading_book">"Loading book: %1$s&#8230;"</string>

    <string name="msg_wrong_password">"Wrong password&#8230;"</string>
    <string name="msg_password_required">"Enter password&#8230;"</string>

    <string name="msg_unexpected_error">"An unexpected error has occurred:\n%s"</string>

    <string name="dialog_title_goto_page">Go to&#8230;</string>
    <string name="button_goto_page">Go</string>
    <string name="text_page">Page</string>
    <string name="error_close">Close</string>

    <string name="dialog_backup_name_hint">Enter new backup name&#8230;</string>
    <string name="dialog_backup_backup">Backup&#8230;</string>
    <string name="dialog_backup_restore">Restore&#8230;</string>
    <string name="dialog_backup_remove">Remove&#8230;</string>
    <string name="restore_progess">Restoring settings&#8230;</string>
    <string name="restore_finish">Settings successfully restored</string>
    <string name="fix_book_paths_progess">Fixing book paths&#8230;</string>
    <string name="fix_book_paths_finish">Book pathss successfully fixed</string>

    <string name="add_bookmark_name">Enter bookmark description</string>
    <string name="bookmark_start">Start</string>
    <string name="bookmark_current">Current position</string>
    <string name="bookmark_end">End</string>
    <string name="bookmark_invalid_page">Page number out of range. Valid range: %1$d-%2$d</string>

    <string name="notes_title">Notes</string>
    <string name="clear_notes_title">Clear notes</string>
    <string name="clear_notes_text">This action will remove all notes from the selected book. Continue?</string>
    <string name="del_note_title">Remove note</string>
    <string name="del_note_text">Remove this note?</string>

    <string name="bookmarks_title">Bookmarks</string>
    <string name="clear_bookmarks_title">Clear bookmarks</string>
    <string name="clear_bookmarks_text">This action will remove all bookmarks from the selected book. Continue?</string>

    <string name="del_bookmark_title">Remove bookmark</string>
    <string name="del_bookmark_text">Remove this bookmark?</string>

    <string name="clear_recent_title">Clear recent items</string>
    <string name="clear_recent_text">This action will remove all books from the recent list. Continue?</string>

    <string name="bookcase_shelves">Bookshelves</string>
    <string name="recent_title">Recent books</string>

    <string name="list_clear_recent_mode_clear_recent_list">Clear recent books list</string>
    <string name="list_clear_recent_mode_delete_bookmarks">Delete all bookmarks</string>
    <string name="list_clear_recent_mode_delete_book_settings">Clear all book settings</string>
    <string name="list_clear_recent_mode_delete_cached_data">Delete all cached data from disk</string>

    <string name="about_prefix">en</string>
    <string name="about_title">About EBookDroid</string>
    <string name="about_commmon_title">Application info</string>
    <string name="about_fonts_title">Fonts</string>
    <string name="about_license_title">License</string>
    <string name="about_3dparty_title">Third party software</string>
    <string name="about_changelog_title">Change Log</string>
    <string name="about_faq_title" translatable="false">FAQ</string>
    <string name="about_thanks_title">Acknowledgments</string>
    <string name="about_donations">Donations</string>

    <string name="browser_add">Add new</string>
    <string name="browser_paste">Paste selected</string>
    <string name="browser_createfolder">Create folder</string>
    <string name="browser_createfolder_msg">Enter folder name: </string>
    <string name="browser_refresh">Refresh</string>
    <string name="browser_home">Home</string>
    <string name="browser_up">Up</string>

    <string name="thumbnails_fetch_start">"Fetch thumbnails&#8230;"</string>
    <string name="thumbnails_fetch_progress">"Fetch thumbnails: %1$s"</string>

    <string name="book_copy_start">"Copying book&#8230;"</string>
    <string name="book_copy_progress">"Copying book: %1$s/%2$s&#8230;"</string>
    <string name="book_copy_complete">"Book copy complete: %s"</string>
    <string name="book_copy_error">"Book copy failed: %s"</string>

    <string name="book_move_start">"Moving book&#8230;"</string>
    <string name="book_move_progress">"Moving book: %1$s/%2$s&#8230;"</string>
    <string name="book_move_complete">"Book move complete: %s"</string>
    <string name="book_move_error">"Book move failed: %s"</string>

    <string name="book_rename_title">"Rename book"</string>
    <string name="book_rename_msg">"Enter new book file name:"</string>

    <string name="book_delete_title">"Delete book(s)"</string>
    <string name="book_delete_one_msg">"Are you sure you want to delete this book?"</string>
    <string name="book_delete_books_msg">"Are you sure you want to delete %1$s book(s)?"</string>
    <string name="book_delete_books_and_dirs_msg">"Are you sure you want to delete %1$s book(s) and %2$s dir(s)?"</string>
    <string name="book_delete_books_and_dirs_2nd_msg">"ARE YOU REALLY SURE you want to delete %1$s book(s) and %2$s dir(s)?"</string>

    <string name="book_delete_start">"Delete books&#8230;"</string>
    <string name="book_delete_collect">"Collect books to delete: %1$s&#8230;"</string>
    <string name="book_delete_progress">"Delete book: %1$s/%2$s&#8230;"</string>
    <string name="book_delete_complete">"Books deleting complete: %s"</string>
    <string name="book_delete_error">"Book deleting failed: %s"</string>

    <string name="outline_title">Outline</string>
    <string name="outline_missed">No outline available</string>

    <string name="error_page_out_of_rande">Page number out of range. Valid range: 1-%1$d</string>

    <string name="msg_loading">Loading %1$s &#8230; Please wait</string>
    <string name="msg_loading_part">Loading %1$s (%2$d/%3$d)&#8230; Please wait</string>
    <string name="msg_caching">Caching %1$s (%2$d/%3$d)&#8230; Please wait</string>
    <string name="msg_getting_page_size">Assessing page size %1$d/%2$d</string>

    <string name="tap_zones_regions">Region</string>
    <string name="tap_zones_single_tap">Single Tap</string>
    <string name="tap_zones_double_tap">Double Tap</string>
    <string name="tap_zones_long_tap">Long tap</string>
    <string name="tap_zones_two_finger_tap">Two finger tap</string>
    <string name="tap_zones_reset">Reset</string>
    <string name="tap_zones_delete">Delete</string>
    <string name="tap_zones_clear">Clear</string>

    <string name="search_results_title">Search results</string>
    <string name="search_book_dlg_title">Search&#8230;</string>

    <string name="folder_books_count" >"Books: %1$d"</string>
    <string name="copy_book_to_dlg_title" >"Copy book to&#8230;"</string>
    <string name="move_book_to_dlg_title" >"Move book to&#8230;"</string>

    <string name="notification_file_add">"File added to library"</string>
    <string name="notification_file_delete">"File removed from library"</string>

    <string name="msg_fonts_installing_pack">Installing embedded fonts: %1$s&#8230;</string>

    <string name="cache_moving_text">Moving cached files&#8230;</string>
    <string name="cache_moving_progress">Moving cached files %1$d/%2$d</string>

    <string name="error_invalid_view_mode">This action is only available in view mode %1$s</string>

    <string name="install_decoder_title">Decoder plugin installation</string>
    <string name="install_decoder_msg">Opening this document requires installation of the separate decoder plugin. Our application can provide the following one. Please confirm installation and usage:</string>

    <string name="tools_export_progress">Export book notes, diary and annotations&#8230;</string>
    <string name="tools_export_success">Book work exported to %1$s</string>
    <string name="tools_export_error">Export failed:\n%1$s</string>

    <string name="pageindex_dlg_msg">"Assign new page index for current page"</string>
    <string name="pageindex_dlg_reset">"Reset"</string>
    <string name="pageindex_dlg_set">"Ok"</string>

</resources>