<?xml version="1.0" encoding="utf-8"?>
<resources xmlns:xliff="urn:oasis:names:tc:xliff:document:1.2">

    <string name="bookmenu_open">Open book at…</string>
    <string name="bookmenu_openbookshelf">Show book shelf</string>
    <string name="bookmenu_openbookfolder">Show book folder</string>
    <string name="bookmenu_createbookshortcut">Create shortcut on desktop</string>
    <string name="bookmenu_recentgroup">Clear recent data…</string>
    <string name="bookmenu_removefromrecent">Exclude from recents</string>
    <string name="bookmenu_cleardata">Clear cached data</string>
    <string name="bookmenu_deletesettings">Remove book settings</string>
    <string name="bookmenu_filegroup">File operations…</string>
    <string name="bookmenu_copy">Copy book to…</string>
    <string name="bookmenu_rename">Rename book…</string>
    <string name="bookmenu_move">Move book to…</string>
    <string name="bookmenu_delete">Delete book</string>

</resources>