<?xml version="1.0" encoding="utf-8"?>
<resources xmlns:xliff="urn:oasis:names:tc:xliff:document:1.2">

    <string name="pref_brbrfiletypesscreen_title">Supported book formats</string>
    <string name="pref_brbrfiletypesscreen_summary">List of supported book formats</string>

    <string name="pref_ft_djvu_title" translatable="false">DjVU</string>
    <string name="pref_ft_djvu_summary">Show DjVU books</string>

    <string name="pref_ft_pdf_title" translatable="false">PDF</string>
    <string name="pref_ft_pdf_summary">Show PDF books</string>

    <string name="pref_ft_xps_title" translatable="false">XPS</string>
    <string name="pref_ft_xps_summary">Show XPS books</string>

    <string name="pref_ft_cbx_title" translatable="false">CBZ and CBR</string>
    <string name="pref_ft_cbx_summary">Show CBZ and CBR comics books</string>

    <string name="pref_ft_fb2_title" translatable="false">FB2</string>
    <string name="pref_ft_fb2_summary">Show FB2 books</string>

    <string name="pref_ft_epub_title" translatable="false">EPUB</string>
    <string name="pref_ft_epub_summary">Show EPUB books</string>

    <string name="pref_ft_rtf_title" translatable="false">RTF</string>
    <string name="pref_ft_rtf_summary">Show RTF books</string>
</resources>