<?xml version="1.0" encoding="utf-8"?>
<resources xmlns:xliff="urn:oasis:names:tc:xliff:document:1.2">

    <string name="menu_exit">Exit</string>
    <string name="menu_close">Close</string>
    <string name="menu_goto_page">Go to&#8230;</string>
    <string name="menu_outline">Outline</string>
    <string name="menu_zoom">Zoom</string>
    <string name="menu_nightmode">Day/Night</string>
    <string name="menu_settings">All Settings</string>
    <string name="menu_booksettings">Book Settings</string>
    <string name="menu_picturesettings">Picture enhancements&#8230;</string>
    <string name="menu_cleanrecent">Clear Recent</string>
    <string name="menu_add_bookmark">Add bookmark</string>
    <string name="menu_edit_bookmark">Edit bookmark</string>
    <string name="menu_thumbnail">Set as thumbnail</string>
    <string name="menu_page_index">Set page index&#8230;</string>
    <string name="menu_about">About</string>
    <string name="menu_tap_configuration">Configure taps</string>
    <string name="menu_key_bindings">Configure keys</string>
    <string name="menu_searchbook">Find books</string>
    <string name="menu_searchtext">Find text</string>
    <string name="menu_show_options_menu">Show options menu</string>
    <string name="menu_backupsettings">Backup &amp; Restore</string>
    <string name="menu_crop">Manual crop</string>
    <string name="menu_drawbookmark">Add annnotation</string>
    <string name="menu_other">Other&#8230;</string>

    <string name="menu_booksettings_menu">Book Settings</string>
    <string name="menu_viewmode_menu">View Mode Settings</string>
    <string name="menu_settings_menu">Common Settings</string>

    <string name="menu_switch_to_book_menu">Switch to opened book&#8230;</string>
    <string name="menu_switch_to_service_menu">Switch to service view&#8230;</string>
    <string name="menu_navigation_menu">Navigation&#8230;</string>
    <string name="menu_fastsettings_menu">View&#8230;</string>
    <string name="menu_allsettings_menu">Settings&#8230;</string>

    <string name="menu_show_library">Show library</string>
    <string name="menu_show_recent">Show recent</string>
    <string name="menu_storages">Storages</string>
    <string name="menu_storages_filesystem">File System</string>
    <string name="menu_storages_external">SD Card</string>

    <string name="menu_recents">Library</string>
    <string name="menu_files">Local files</string>
    <string name="menu_smb">Local network</string>
    <string name="menu_opds">OPDS catalogs</string>

    <string name="menu_refresh">Rescan library</string>
    <string name="menu_refresh_thumbnails">Scan for covers</string>
</resources>