<?xml version="1.0" encoding="utf-8"?>
<resources xmlns:xliff="urn:oasis:names:tc:xliff:document:1.2">

    <string name="pref_brfiletypespecific_title">Format specific</string>
    <string name="pref_brfiletypespecific_summary">Settings unique to each individual file format</string>

    <string translatable="false" name="pref_brfiletypespecificdjvu_title">DJVU</string>
    <string name="pref_brfiletypespecificdjvu_summary">DJVU format specific settings</string>

    <string name="pref_djvu_rendering_mode_title">Rendering mode</string>
    <string name="pref_djvu_rendering_mode_summary">Page rendering mode</string>

    <string name="list_djvu_rendering_mode_0">Color</string>
    <string name="list_djvu_rendering_mode_1">Black</string>
    <string name="list_djvu_rendering_mode_2">Color only</string>
    <string name="list_djvu_rendering_mode_3">Mask only</string>
    <string name="list_djvu_rendering_mode_4">Background only</string>
    <string name="list_djvu_rendering_mode_5">Foreground only</string>

    <string translatable="false" name="pref_brfiletypespecificpdf_title">PDF</string>
    <string name="pref_brfiletypespecificpdf_summary">PDF format specific settings</string>

    <string name="pref_monofontpack_title">Monospace font family</string>
    <string name="pref_monofontpack_summary">Specify what font pack to use for Monospace font family</string>

    <string name="pref_sansfontpack_title">Sans font family</string>
    <string name="pref_sansfontpack_summary">Specify what font pack to use for Sans font family</string>

    <string name="pref_seriffontpack_title">Serif font family</string>
    <string name="pref_seriffontpack_summary">Specify what font pack to use for Serif font family</string>

    <string name="pref_symbolfontpack_title">Symbol font family</string>
    <string name="pref_symbolfontpack_summary">Specify what font pack to use for Symbol font family</string>

    <string name="pref_dingbatfontpack_title">Dingbat font family</string>
    <string name="pref_dingbatfontpack_summary">Specify what font pack to use for Dingbat font family</string>

    <string name="pref_systemfontpack">Use default Android fonts</string>

    <string name="pref_pdf_use_sys_fonts_title">Use external fonts</string>
    <string name="pref_pdf_use_sys_fonts_summary">Use external fonts for PDF rendering</string>

    <string name="pref_pdf_sys_font_dirs_title">External font directories</string>
    <string name="pref_pdf_sys_font_dirs_summary">Directories for automatic font search (semicolon separated)</string>

    <string name="pref_slowcmyk_title">Slow CMYK</string>
    <string name="pref_slowcmyk_summary">Use slow but accurate CMYK to RGB algorithm</string>

    <string translatable="false" name="pref_brfiletypespecificfb2_title">FB2</string>
    <string name="pref_brfiletypespecificfb2_summary">FB2 format specific settings</string>

    <string name="pref_fontsize_title">Font size</string>
    <string name="pref_fontsize_summary">Base font size</string>

    <string name="pref_fb2fontpack_title">FB2 font family</string>
    <string name="pref_fb2fontpack_summary">Specify what font pack to use in FB2 rendering</string>

    <string name="list_fontsize_tiny">Tiny</string>
    <string name="list_fontsize_small">Small</string>
    <string name="list_fontsize_normal">Normal</string>
    <string name="list_fontsize_large">Large</string>
    <string name="list_fontsize_huge">Huge</string>

    <string name="pref_fb2hyphen_title">Enable Hyphenation</string>
    <string name="pref_fb2hyphen_summary">Experimental Hyphenation implementation</string>

    <string name="pref_fb2cacheimages_title">Cache images on disk</string>
    <string name="pref_fb2cacheimages_summary">Temporary store document images on disk to reduce memory usage</string>

    <string translatable="false" name="pref_brfiletypespecificepub_title">EPUB</string>
    <string name="pref_brfiletypespecificepub_summary">EPUB format specific settings</string>

    <string name="pref_epuboverridefonts_title">Override document fonts</string>
    <string name="pref_epuboverridefonts_summary">Override document fonts</string>

    <string name="pref_epubfontpack_title">EPUB font family</string>
    <string name="pref_epubfontpack_summary">Specify what font pack to use in EPUB rendering by default</string>

    <string name="pref_epubfontsize_title">Font size</string>
    <string name="pref_epubfontsize_summary">Base font size</string>

    <string name="pref_epubhyphen_title">Enable Hyphenation</string>
    <string name="pref_epubhyphen_summary">Experimental Hyphenation implementation</string>

    <string translatable="false" name="pref_brfiletypespecificrtf_title">RTF</string>
    <string name="pref_brfiletypespecificrtf_summary">RTF format specific settings</string>

    <string name="pref_rtffontpack_title">RTF font family</string>
    <string name="pref_rtffontpack_summary">Specify what font pack to use in RTF rendering</string>

    <string name="pref_rtffontsize_title">Font size</string>
    <string name="pref_rtffontsize_summary">Base font size</string>

    <string name="pref_rtfhyphen_title">Enable Hyphenation</string>
    <string name="pref_rtfhyphen_summary">Experimental Hyphenation implementation</string>

</resources>