<?xml version="1.0" encoding="utf-8"?>
<resources xmlns:xliff="urn:oasis:names:tc:xliff:document:1.2">

    <string name="pref_scroll_category">Taps, swipes and keys</string>
    <string name="pref_scroll_category_summary">Chooses how the device should react to taps, swipes and key pressings</string>

    <string name="pref_tapsenabled_title">Enable taps</string>
    <string name="pref_tapsenabled_summary">Use Tap Configuration to define tap regions and actions</string>

    <string name="pref_scroll_title">Scroll height</string>
    <string name="pref_scroll_summary">Set scrolling height for pages that do not fit the screen (default: 50%%)</string>

    <string name="pref_wheelscroll_title">Mouse wheel scroll height</string>
    <string name="pref_wheelscroll_summary">Set mouse wheel scrolling height for pages that do not fit the screen (default: 5%%)</string>

    <string name="pref_touchdelay_title">Touch processing delay</string>
    <string name="pref_touchdelay_summary">Touch processing delay (in milliseconds)</string>

    <string name="pref_animate_scrolling_title">Animate scrolling</string>
    <string name="pref_animate_scrolling_summary">Animate scrolling in scroll modes</string>

    <string name="pref_quickzoomfactor_title">Quick zoom</string>
    <string name="pref_quickzoomfactor_summary">Quick zoom scale factor (in percent)</string>

</resources>