<?xml version="1.0" encoding="utf-8"?>
<resources xmlns:xliff="urn:oasis:names:tc:xliff:document:1.2">

    <string name="pref_lang_title">Language</string>
    <string name="pref_lang_summary">User interface language (restart required)</string>

    <string name="list_lang_default">System</string>
    <string name="list_lang_en">English</string>
    <string name="list_lang_de">German (Deutsch)</string>
    <string name="list_lang_es">Spanish (Español)</string>
    <string name="list_lang_fr">French (Française)</string>
    <string name="list_lang_it">Italian (Italiano)</string>
    <string name="list_lang_nl">Dutch (Nederlands)</string>
    <string name="list_lang_ru">Russian (Русский)</string>
    <string name="list_lang_uk">Ukrainian (Український)</string>
    <string name="list_lang_zh">Chinese (中文简体)</string>
    <string name="list_lang_iw">Hebrew (עברית)</string>
    <string name="list_lang_tt">Tatar (Татар)</string>

</resources>