<?xml version="1.0" encoding="utf-8"?>
<resources xmlns:xliff="urn:oasis:names:tc:xliff:document:1.2">

    <string name="app_name" translatable="false">EBookDroid</string>

    <string name="about_prefix">en</string>
    <string name="about_title">About EBookDroid</string>
    <string name="about_commmon_title">Application info</string>
    <string name="about_fonts_title">Fonts</string>
    <string name="about_license_title">License</string>
    <string name="about_3dparty_title">Third party software</string>
    <string name="about_changelog_title">Change Log</string>
    <string name="about_faq_title" translatable="false">FAQ</string>
    <string name="about_thanks_title">Acknowledgments</string>
    <string name="about_donations">Donations</string>

    <string name="menu_smb">Local network</string>
    <string name="menu_opds">OPDS catalogs</string>

</resources>