<?xml version="1.0" encoding="utf-8"?>
<resources xmlns:xliff="urn:oasis:names:tc:xliff:document:1.2">

    <string name="pref_browser_category">Library and Files</string>
    <string name="pref_browser_category_summary">Library and file browser settings</string>

    <string name="pref_usebookcase_title">Use bookcase view</string>
    <string name="pref_usebookcase_summary">Use bookcase view instead of lists</string>

    <string name="pref_showrecentsonstartup_title">Show recents list on startup</string>
    <string name="pref_showrecentsonstartup_summary">Show recents list on startup if bookcase is switched off</string>

    <string name="pref_brautoscandir_title">Auto Scan directories</string>
    <string name="pref_brautoscandir_summary">Directories for automatic files search</string>

    <string name="pref_savescanresults_title">Save scan results</string>
    <string name="pref_savescanresults_summary">Use permenent list of files instead of scanning at startup</string>

    <string name="pref_autoscanremovable_title">Auto Scan removable</string>
    <string name="pref_autoscanremovable_summary">Automatic scan inserted removable media</string>

    <string name="pref_showremovable_title">Show Removable</string>
    <string name="pref_showremovable_summary">Show removable media in storage menu</string>

    <string name="pref_showscanning_title">Show Scan dirs</string>
    <string name="pref_showscanning_summary">Show Auto Scan dirs in storage menu</string>

    <string name="pref_shownotifications_title">Show notifications</string>
    <string name="pref_shownotifications_summary">Show notifications about added/deleted files</string>

    <string name="pref_cachelocation_title">Cache location</string>
    <string name="pref_cachelocation_summary">Location of a file cache</string>
    <string name="list_cachelocation_system">System app cache</string>
    <string name="list_cachelocation_custom">Sdcard app cache</string>

</resources>