<?xml version="1.0" encoding="utf-8"?>
<resources xmlns:xliff="urn:oasis:names:tc:xliff:document:1.2">

    <string name="am_tools">Tools</string>
    <string name="am_tools_up">Tools</string>

    <string name="am_tools_text">Text</string>
    <string name="am_tools_highlight">Highlight</string>
    <string name="am_tools_draw">Drawings</string>
    <string name="am_tools_notes">Notes</string>
    <string name="am_tools_export">Export</string>

    <string name="am_tools_text_copy">Copy</string>
    <string name="am_tools_text_translate">Translate</string>
    <string name="am_tools_text_google">Google it</string>
    <string name="am_tools_text_highlight">Highlight</string>
    <string name="am_tools_text_clear">Clear highlight</string>
    <string name="am_tools_text_selection_no_text">No text available</string>
    <string name="am_tools_text_selection_text_copied">Text copied to clipboard</string>

    <string name="am_tools_ann_use_pressure">Use pressure</string>
    <string name="am_tools_ann_change_color">Change color</string>
    <string name="am_tools_ann_thin_line">Thin line</string>
    <string name="am_tools_ann_thick_line">Thick line</string>
    <string name="am_tools_ann_thickest_line">Thickest line</string>
    <string name="am_tools_ann_eraser">Eraser</string>
    <string name="am_tools_ann_clear">Clear</string>
    <string name="am_tools_ann_undo">Undo</string>

    <string name="am_tools_notes_add">Add note</string>
    <string name="am_tools_notes_bookmark">Add bookmark</string>
    <string name="am_tools_notes_diary">Notebook</string>

    <string name="note_dlg_title">"Note&#8230;"</string>
    <string name="note_add_dlg_title">"Add note&#8230;"</string>
    <string name="note_edit_dlg_title">"Edit note&#8230;"</string>
    <string name="diary_dlg_title">"Edit notebook for page %1$d &#8230;"</string>

    <string name="note_dlg_title_hint">Note title</string>
    <string name="note_dlg_text_hint">Note text</string>
    <string name="diary_dlg_text_hint">Notebook text</string>

    <string name="color_dlg_title">"Change color"</string>
</resources>