<?xml version="1.0" encoding="utf-8"?>
<resources xmlns:xliff="urn:oasis:names:tc:xliff:document:1.2">

    <string name="actions_verticalConfigScrollUp">Scroll Back</string>
    <string name="actions_verticalConfigScrollDown">Scroll Forward</string>
    <string name="actions_1xZoom">1x zoom</string>
    <string name="actions_2xZoom">2x zoom</string>
    <string name="actions_4xZoom">4x zoom</string>
    <string name="actions_quickZoom">Quick zoom</string>
    <string name="actions_zoomToColumn">Zoom to column</string>
    <string name="actions_leftTopCorner">Scroll to left top page corner</string>
    <string name="actions_rightTopCorner">Scroll to right top page corner</string>
    <string name="actions_leftBottomCorner">Scroll to left bottom page corner</string>
    <string name="actions_rightBottomCorner">Scroll to right bottom page corner</string>

</resources>